CountryCode,DisplayName,region,Level,ProjYear,variable,line,old.PovertyLine,old.value,PovertyLine,value,PovertyLine_2,value_2,diff,diff2
AGO,Angola,SSA,National,2018,HeadCount,EPL,1.9,0.4908743,2.195249,0.312251,2.308829,0.3301172,-0.1786233,-0.1607571
AGO,Angola,SSA,National,2018,HeadCount,LPL,3.2,0.7115392,3.642544,0.5238652,3.981504,0.5642087,-0.187674,-0.1473305
AGO,Angola,SSA,National,2018,HeadCount,UPL,5.5,0.881972,6.11676,0.7346037,5.939234,0.7231025,-0.1473683,-0.1588695
ALB,Albania,ECA,National,2018,HeadCount,EPL,1.9,0.0113801,2.195249,0.0113801,2.308829,0.01423106,0,0.00285096
ALB,Albania,ECA,National,2018,HeadCount,LPL,3.2,0.07227698,3.642544,0.07015869,3.981504,0.09380963,-0.00211829000000001,0.02153265
ALB,Albania,ECA,National,2018,HeadCount,UPL,5.5,0.3169555,6.11676,0.2967228,5.939234,0.2802842,-0.0202327,-0.0366713
ARE,United Arab Emirates,OHI,National,2018,HeadCount,EPL,1.9,0,2.195249,0,2.308829,0,0,0
ARE,United Arab Emirates,OHI,National,2018,HeadCount,LPL,3.2,0,3.642544,0,3.981504,0,0,0
ARE,United Arab Emirates,OHI,National,2018,HeadCount,UPL,5.5,0.0005498803,6.11676,0.002318762,5.939234,0.001963443,0.0017688817,0.0014135627
ARG,Argentina,LAC,National,2018,HeadCount,EPL,1.9,0.01353985,2.195249,0.09795999,2.308829,0.1080463,0.08442014,0.09450645
ARG,Argentina,LAC,National,2018,HeadCount,LPL,3.2,0.04003928,3.642544,0.2438624,3.981504,0.2788623,0.20382312,0.23882302
ARG,Argentina,LAC,National,2018,HeadCount,UPL,5.5,0.1233857,6.11676,0.4714347,5.939234,0.4578404,0.348049,0.3344547
ARM,Armenia,ECA,National,2018,HeadCount,EPL,1.9,0.01409537,2.195249,0.01452873,2.308829,0.01872671,0.000433360000000001,0.00463134
ARM,Armenia,ECA,National,2018,HeadCount,LPL,3.2,0.09429495,3.642544,0.09399795,3.981504,0.1242031,-0.000297000000000006,0.02990815
ARM,Armenia,ECA,National,2018,HeadCount,UPL,5.5,0.4249042,6.11676,0.4008658,5.939234,0.3781105,-0.0240384,-0.0467937
AUS,Australia,OHI,National,2018,HeadCount,EPL,1.9,0.004984838,2.195249,0.004984838,2.308829,0.004984838,0,0
AUS,Australia,OHI,National,2018,HeadCount,LPL,3.2,0.007444149,3.642544,0.007444149,3.981504,0.007444149,0,0
AUS,Australia,OHI,National,2018,HeadCount,UPL,5.5,0.007444149,6.11676,0.007444149,5.939234,0.007444149,0,0
AUT,Austria,OHI,National,2018,HeadCount,EPL,1.9,0.005683584,2.195249,0.005683584,2.308829,0.005683584,0,0
AUT,Austria,OHI,National,2018,HeadCount,LPL,3.2,0.006873457,3.642544,0.0070349,3.981504,0.00727601,0.000161443,0.000402553
AUT,Austria,OHI,National,2018,HeadCount,UPL,5.5,0.01042825,6.11676,0.01042825,5.939234,0.009672666,0,-0.000755584
AZE,Azerbaijan,ECA,National,2018,HeadCount,EPL,1.9,0,2.195249,0,2.308829,0,0,0
AZE,Azerbaijan,ECA,National,2018,HeadCount,LPL,3.2,0,3.642544,0,3.981504,0,0,0
AZE,Azerbaijan,ECA,National,2018,HeadCount,UPL,5.5,0,6.11676,0.0008064227,5.939234,0.0004009374,0.0008064227,0.0004009374
BDI,Burundi,SSA,National,2018,HeadCount,EPL,1.9,0.7895172,2.195249,0.7389542,2.308829,0.7571235,-0.050563,-0.0323937000000001
BDI,Burundi,SSA,National,2018,HeadCount,LPL,3.2,0.9251171,3.642544,0.8990362,3.981504,0.9166838,-0.0260809000000001,-0.00843329999999998
BDI,Burundi,SSA,National,2018,HeadCount,UPL,5.5,0.978833,6.11676,0.9677397,5.939234,0.9652546,-0.0110933,-0.0135784
BEL,Belgium,OHI,National,2018,HeadCount,EPL,1.9,0.000811136,2.195249,0.000811136,2.308829,0.000811136,0,0
BEL,Belgium,OHI,National,2018,HeadCount,LPL,3.2,0.0008975118,3.642544,0.0008975118,3.981504,0.001015177,0,0.0001176652
BEL,Belgium,OHI,National,2018,HeadCount,UPL,5.5,0.001557892,6.11676,0.001557892,5.939234,0.001557892,0,0
BEN,Benin,SSA,National,2018,HeadCount,EPL,1.9,0.4569239,2.195249,0.4797351,2.308829,0.5075046,0.0228112,0.0505807
BEN,Benin,SSA,National,2018,HeadCount,LPL,3.2,0.725113,3.642544,0.7409956,3.981504,0.7920984,0.0158826,0.0669854
BEN,Benin,SSA,National,2018,HeadCount,UPL,5.5,0.8992682,6.11676,0.899772,5.939234,0.89681,0.000503800000000054,-0.00245819999999997
BFA,Burkina Faso,SSA,National,2018,HeadCount,EPL,1.9,0.3536475,2.195249,0.3221846,2.308829,0.3684961,-0.0314629,0.0148486
BFA,Burkina Faso,SSA,National,2018,HeadCount,LPL,3.2,0.7159381,3.642544,0.6902577,3.981504,0.7352474,-0.0256804000000001,0.0193093
BFA,Burkina Faso,SSA,National,2018,HeadCount,UPL,5.5,0.9049718,6.11676,0.8876499,5.939234,0.8798134,-0.0173219,-0.0251584
BGD,Bangladesh,SAS,National,2018,HeadCount,EPL,1.9,0.07569008,2.195249,0.06036943,2.308829,0.07613564,-0.01532065,0.000445559999999998
BGD,Bangladesh,SAS,National,2018,HeadCount,LPL,3.2,0.3984233,3.642544,0.3462393,3.981504,0.4202476,-0.052184,0.0218243
BGD,Bangladesh,SAS,National,2018,HeadCount,UPL,5.5,0.7752375,6.11676,0.7291503,5.939234,0.7100302,-0.0460872,-0.0652073000000001
BGR,Bulgaria,ECA,National,2018,HeadCount,EPL,1.9,0.008704606,2.195249,0.009945243,2.308829,0.01121697,0.001240637,0.002512364
BGR,Bulgaria,ECA,National,2018,HeadCount,LPL,3.2,0.0215844,3.642544,0.02412871,3.981504,0.02817853,0.00254431,0.00659413
BGR,Bulgaria,ECA,National,2018,HeadCount,UPL,5.5,0.06897738,6.11676,0.07044298,5.939234,0.06683761,0.0014656,-0.00213977
BIH,Bosnia and Herzegovina,ECA,National,2018,HeadCount,EPL,1.9,0.0005898651,2.195249,0.0005898651,2.308829,0.0005898651,0,0
BIH,Bosnia and Herzegovina,ECA,National,2018,HeadCount,LPL,3.2,0.002420837,3.642544,0.004218228,3.981504,0.006739177,0.001797391,0.00431834
BIH,Bosnia and Herzegovina,ECA,National,2018,HeadCount,UPL,5.5,0.02219133,6.11676,0.0256644,5.939234,0.02356285,0.00347307,0.00137152
BLR,Belarus,ECA,National,2018,HeadCount,EPL,1.9,0,2.195249,0,2.308829,0,0,0
BLR,Belarus,ECA,National,2018,HeadCount,LPL,3.2,0.0002201219,3.642544,0.0006905377,3.981504,0.001481817,0.0004704158,0.0012616951
BLR,Belarus,ECA,National,2018,HeadCount,UPL,5.5,0.00445611,6.11676,0.01150619,5.939234,0.01074781,0.00705008,0.0062917
BLZ,Belize,LAC,National,2018,HeadCount,EPL,1.9,0.1391808,2.195249,0.2079034,2.308829,0.2262098,0.0687226,0.087029
BLZ,Belize,LAC,National,2018,HeadCount,LPL,3.2,0.2841973,3.642544,0.4309426,3.981504,0.4727214,0.1467453,0.1885241
BLZ,Belize,LAC,National,2018,HeadCount,UPL,5.5,0.533162,6.11676,0.6588334,5.939234,0.6551161,0.1256714,0.1219541
BOL,Bolivia,LAC,National,2018,HeadCount,EPL,1.9,0.04903888,2.195249,0.03566671,2.308829,0.03893377,-0.01337217,-0.01010511
BOL,Bolivia,LAC,National,2018,HeadCount,LPL,3.2,0.1095684,3.642544,0.07691407,3.981504,0.0910414,-0.03265433,-0.018527
BOL,Bolivia,LAC,National,2018,HeadCount,UPL,5.5,0.2341604,6.11676,0.1622124,5.939234,0.1561316,-0.071948,-0.0780288
BRA,Brazil,LAC,National,2018,HeadCount,EPL,1.9,0.04420117,2.195249,0.05161131,2.308829,0.05524658,0.00741014,0.01104541
BRA,Brazil,LAC,National,2018,HeadCount,LPL,3.2,0.09132107,3.642544,0.1037565,3.981504,0.1166689,0.01243543,0.02534783
BRA,Brazil,LAC,National,2018,HeadCount,UPL,5.5,0.1982362,6.11676,0.2185591,5.939234,0.2098443,0.0203229,0.0116081
BTN,Bhutan,SAS,National,2018,HeadCount,EPL,1.9,0.007505706,2.195249,0.006576405,2.308829,0.007505706,-0.000929301,0
BTN,Bhutan,SAS,National,2018,HeadCount,LPL,3.2,0.08080321,3.642544,0.06404625,3.981504,0.08757313,-0.01675696,0.00676992
BTN,Bhutan,SAS,National,2018,HeadCount,UPL,5.5,0.3146596,6.11676,0.2699817,5.939234,0.2570101,-0.0446779,-0.0576495
BWA,Botswana,SSA,National,2018,HeadCount,EPL,1.9,0.1342597,2.195249,0.1486216,2.308829,0.1662949,0.0143619,0.0320352
BWA,Botswana,SSA,National,2018,HeadCount,LPL,3.2,0.3470104,3.642544,0.3615955,3.981504,0.4059716,0.0145851,0.0589612
BWA,Botswana,SSA,National,2018,HeadCount,UPL,5.5,0.5781367,6.11676,0.5793403,5.939234,0.5680517,0.00120360000000008,-0.0100849999999999
CAF,Central African Republic,SSA,National,2018,HeadCount,EPL,1.9,0.7138997,2.195249,0.6898759,2.308829,0.7041635,-0.0240238,-0.00973619999999997
CAF,Central African Republic,SSA,National,2018,HeadCount,LPL,3.2,0.8620847,3.642544,0.8423547,3.981504,0.8618164,-0.01973,-0.000268299999999999
CAF,Central African Republic,SSA,National,2018,HeadCount,UPL,5.5,0.9449031,6.11676,0.931645,5.939234,0.9283082,-0.0132581000000001,-0.0165949
CAN,Canada,OHI,National,2018,HeadCount,EPL,1.9,0.002470106,2.195249,0.002470106,2.308829,0.002470106,0,0
CAN,Canada,OHI,National,2018,HeadCount,LPL,3.2,0.004973831,3.642544,0.004973831,3.981504,0.004973831,0,0
CAN,Canada,OHI,National,2018,HeadCount,UPL,5.5,0.007449991,6.11676,0.007449991,5.939234,0.007449991,0,0
CHE,Switzerland,OHI,National,2018,HeadCount,EPL,1.9,0.0003050398,2.195249,0.0003050398,2.308829,0.0003050398,0,0
CHE,Switzerland,OHI,National,2018,HeadCount,LPL,3.2,0.0003957704,3.642544,0.0003957704,3.981504,0.0003957704,0,0
CHE,Switzerland,OHI,National,2018,HeadCount,UPL,5.5,0.001407676,6.11676,0.001407676,5.939234,0.0009282375,0,-0.0004794385
CHL,Chile,LAC,National,2018,HeadCount,EPL,1.9,0.002768941,2.195249,0.003283746,2.308829,0.003393736,0.000514805,0.000624795
CHL,Chile,LAC,National,2018,HeadCount,LPL,3.2,0.006500279,3.642544,0.008780503,3.981504,0.01133977,0.002280224,0.004839491
CHL,Chile,LAC,National,2018,HeadCount,UPL,5.5,0.0335719,6.11676,0.04345811,5.939234,0.03975355,0.00988621,0.00618165
CHN,China,EAP,National,2018,HeadCount,EPL,1.9,0.002536604,2.195249,0.004567482,2.308829,0.005749621,0.002030878,0.003213017
CHN,China,EAP,National,2018,HeadCount,LPL,3.2,0.02712493,3.642544,0.04504128,3.981504,0.06252064,0.01791635,0.03539571
CHN,China,EAP,National,2018,HeadCount,UPL,5.5,0.1645284,6.11676,0.2052206,5.939234,0.1939922,0.0406922,0.0294638
CIV,Cote d'Ivoire,SSA,National,2018,HeadCount,EPL,1.9,0.2373099,2.195249,0.2786291,2.308829,0.3030762,0.0413192,0.0657663
CIV,Cote d'Ivoire,SSA,National,2018,HeadCount,LPL,3.2,0.5202211,3.642544,0.5634211,3.981504,0.6092914,0.0432,0.0890703
CIV,Cote d'Ivoire,SSA,National,2018,HeadCount,UPL,5.5,0.7827723,6.11676,0.8058717,5.939234,0.7929882,0.0230994,0.0102159000000001
CMR,Cameroon,SSA,National,2018,HeadCount,EPL,1.9,0.2315122,2.195249,0.2365888,2.308829,0.2573931,0.00507659999999999,0.0258809
CMR,Cameroon,SSA,National,2018,HeadCount,LPL,3.2,0.4393567,3.642544,0.4392655,3.981504,0.4756061,-9.12000000000135e-05,0.0362494
CMR,Cameroon,SSA,National,2018,HeadCount,UPL,5.5,0.6802323,6.11676,0.6688634,5.939234,0.6527224,-0.0113689,-0.0275099
COD,"Congo, Democratic Republic of",SSA,National,2018,HeadCount,EPL,1.9,0.7160726,2.195249,0.6755548,2.308829,0.6984322,-0.0405177999999999,-0.0176404
COD,"Congo, Democratic Republic of",SSA,National,2018,HeadCount,LPL,3.2,0.8857374,3.642544,0.8582078,3.981504,0.8822511,-0.0275296,-0.00348630000000005
COD,"Congo, Democratic Republic of",SSA,National,2018,HeadCount,UPL,5.5,0.9691896,6.11676,0.9552817,5.939234,0.9521899,-0.0139079,-0.0169997
COG,"Congo, Republic of",SSA,National,2018,HeadCount,EPL,1.9,0.5292175,2.195249,0.4844958,2.308829,0.5120116,-0.0447217,-0.0172059
COG,"Congo, Republic of",SSA,National,2018,HeadCount,LPL,3.2,0.7480192,3.642544,0.715331,3.981504,0.7435015,-0.0326881999999999,-0.00451769999999996
COG,"Congo, Republic of",SSA,National,2018,HeadCount,UPL,5.5,0.9115059,6.11676,0.8849522,5.939234,0.8748641,-0.0265537,-0.0366417999999999
COL,Colombia,LAC,National,2018,HeadCount,EPL,1.9,0.04187558,2.195249,0.05001931,2.308829,0.05556799,0.00814372999999999,0.01369241
COL,Colombia,LAC,National,2018,HeadCount,LPL,3.2,0.1114927,3.642544,0.1289212,3.981504,0.1529528,0.0174285,0.0414601
COL,Colombia,LAC,National,2018,HeadCount,UPL,5.5,0.2821688,6.11676,0.3035734,5.939234,0.2912211,0.0214046,0.00905230000000001
COM,Comoros,SSA,National,2018,HeadCount,EPL,1.9,0.1812081,2.195249,0.1786394,2.308829,0.1876668,-0.00256870000000001,0.00645869999999998
COM,Comoros,SSA,National,2018,HeadCount,LPL,3.2,0.3821797,3.642544,0.3674431,3.981504,0.4039715,-0.0147366,0.0217918
COM,Comoros,SSA,National,2018,HeadCount,UPL,5.5,0.6392486,6.11676,0.6107291,5.939234,0.6026035,-0.0285194999999999,-0.0366451
CPV,Cabo Verde,SSA,National,2018,HeadCount,EPL,1.9,0.02543999,2.195249,0.03552753,2.308829,0.04264724,0.01008754,0.01720725
CPV,Cabo Verde,SSA,National,2018,HeadCount,LPL,3.2,0.1267976,3.642544,0.1521378,3.981504,0.1924716,0.0253402,0.065674
CPV,Cabo Verde,SSA,National,2018,HeadCount,UPL,5.5,0.363202,6.11676,0.3955454,5.939234,0.3811907,0.0323434,0.0179887
CRI,Costa Rica,LAC,National,2018,HeadCount,EPL,1.9,0.014556,2.195249,0.01463354,2.308829,0.01602873,7.75400000000009e-05,0.00147273
CRI,Costa Rica,LAC,National,2018,HeadCount,LPL,3.2,0.0365568,3.642544,0.0365568,3.981504,0.04307048,0,0.00651368
CRI,Costa Rica,LAC,National,2018,HeadCount,UPL,5.5,0.1116795,6.11676,0.1047994,5.939234,0.1002257,-0.0068801,-0.0114538
CYP,Cyprus,OHI,National,2018,HeadCount,EPL,1.9,0.0001650658,2.195249,0.0001650658,2.308829,0.0001650658,0,0
CYP,Cyprus,OHI,National,2018,HeadCount,LPL,3.2,0.000781816,3.642544,0.0008096203,3.981504,0.0008096203,2.78043000000001e-05,2.78043000000001e-05
CYP,Cyprus,OHI,National,2018,HeadCount,UPL,5.5,0.0008096203,6.11676,0.0008096203,5.939234,0.0008096203,0,0
CZE,Czech Republic,ECA,National,2018,HeadCount,EPL,1.9,8.861816e-05,2.195249,8.861816e-05,2.308829,8.861816e-05,0,0
CZE,Czech Republic,ECA,National,2018,HeadCount,LPL,3.2,0.0004880767,3.642544,0.0004880767,3.981504,0.0004880767,0,0
CZE,Czech Republic,ECA,National,2018,HeadCount,UPL,5.5,0.001764174,6.11676,0.001659879,5.939234,0.001659879,-0.000104295,-0.000104295
DEU,Germany,OHI,National,2018,HeadCount,EPL,1.9,0,2.195249,0,2.308829,0,0,0
DEU,Germany,OHI,National,2018,HeadCount,LPL,3.2,0.002406784,3.642544,0.002406784,3.981504,0.002406784,0,0
DEU,Germany,OHI,National,2018,HeadCount,UPL,5.5,0.004999123,6.11676,0.004999123,5.939234,0.004999123,0,0
DJI,Djibouti,MNA,National,2018,HeadCount,EPL,1.9,0.1557479,2.195249,0.1778308,2.308829,0.1952502,0.0220829,0.0395023
DJI,Djibouti,MNA,National,2018,HeadCount,LPL,3.2,0.3668854,3.642544,0.4021747,3.981504,0.4550031,0.0352893,0.0881177
DJI,Djibouti,MNA,National,2018,HeadCount,UPL,5.5,0.6727059,6.11676,0.6972465,5.939234,0.6804491,0.0245406,0.00774320000000006
DNK,Denmark,OHI,National,2018,HeadCount,EPL,1.9,0.001701118,2.195249,0.00206535,2.308829,0.00206535,0.000364232,0.000364232
DNK,Denmark,OHI,National,2018,HeadCount,LPL,3.2,0.002265287,3.642544,0.002265287,3.981504,0.002265287,0,0
DNK,Denmark,OHI,National,2018,HeadCount,UPL,5.5,0.002588596,6.11676,0.002588596,5.939234,0.002588596,0,0
DOM,Dominican Republic,LAC,National,2018,HeadCount,EPL,1.9,0.004349852,2.195249,0.008769393,2.308829,0.0109432,0.004419541,0.006593348
DOM,Dominican Republic,LAC,National,2018,HeadCount,LPL,3.2,0.02598212,3.642544,0.04118416,3.981504,0.05478501,0.01520204,0.02880289
DOM,Dominican Republic,LAC,National,2018,HeadCount,UPL,5.5,0.1390683,6.11676,0.1718659,5.939234,0.1588933,0.0327976,0.019825
DZA,Algeria,MNA,National,2018,HeadCount,EPL,1.9,0.003223906,2.195249,0.003490218,2.308829,0.004055764,0.000266312,0.000831858
DZA,Algeria,MNA,National,2018,HeadCount,LPL,3.2,0.02244924,3.642544,0.02382099,3.981504,0.03597796,0.00137175,0.01352872
DZA,Algeria,MNA,National,2018,HeadCount,UPL,5.5,0.2092662,6.11676,0.2027397,5.939234,0.1846763,-0.00652650000000002,-0.0245899
EAP,East Asia & Pacific,Aggregates,Regional,2018,HeadCount,EPL,1.9,0.011684211111161,2.195249,0.0164592090595238,2.308829,0.0200717902724986,0.0047749979483628,0.00838757916133764
EAP,East Asia & Pacific,Aggregates,Regional,2018,HeadCount,LPL,3.2,0.0703185221704042,3.642544,0.0908752512060872,3.981504,0.115262680855236,0.0205567290356831,0.0449441586848321
EAP,East Asia & Pacific,Aggregates,Regional,2018,HeadCount,UPL,5.5,0.245661749870469,6.11676,0.27917233056971,5.939234,0.266828435703477,0.0335105806992411,0.0211666858330077
ECA,Europe & Central Asia,Aggregates,Regional,2018,HeadCount,EPL,1.9,0.0105535514377712,2.195249,0.0272397783136263,2.308829,0.0304943727075117,0.0166862268758551,0.0199408212697405
ECA,Europe & Central Asia,Aggregates,Regional,2018,HeadCount,LPL,3.2,0.0409934772923723,3.642544,0.0657779312597085,3.981504,0.0745087493902679,0.0247844539673361,0.0335152720978956
ECA,Europe & Central Asia,Aggregates,Regional,2018,HeadCount,UPL,5.5,0.117389928534922,6.11676,0.135137172492457,5.939234,0.128904394219978,0.0177472439575353,0.0115144656850555
ECU,Ecuador,LAC,National,2018,HeadCount,EPL,1.9,0.03326323,2.195249,0.03575591,2.308829,0.03949938,0.00249268,0.00623615
ECU,Ecuador,LAC,National,2018,HeadCount,LPL,3.2,0.09667469,3.642544,0.0969858,3.981504,0.1127654,0.000311110000000003,0.01609071
ECU,Ecuador,LAC,National,2018,HeadCount,UPL,5.5,0.2421204,6.11676,0.237157,5.939234,0.2267928,-0.00496340000000001,-0.0153276
EGY,"Egypt, Arab Republic of",MNA,National,2018,HeadCount,EPL,1.9,0.03838274,2.195249,0.004439661,2.308829,0.00531534,-0.033943079,-0.0330674
EGY,"Egypt, Arab Republic of",MNA,National,2018,HeadCount,LPL,3.2,0.2905063,3.642544,0.05682766,3.981504,0.08473218,-0.23367864,-0.20577412
EGY,"Egypt, Arab Republic of",MNA,National,2018,HeadCount,UPL,5.5,0.727839,6.11676,0.3588916,5.939234,0.3333827,-0.3689474,-0.3944563
ESP,Spain,OHI,National,2018,HeadCount,EPL,1.9,0.008774575,2.195249,0.008753743,2.308829,0.008992273,-2.08320000000001e-05,0.000217698000000001
ESP,Spain,OHI,National,2018,HeadCount,LPL,3.2,0.01281672,3.642544,0.01234258,3.981504,0.01357124,-0.00047414,0.00075452
ESP,Spain,OHI,National,2018,HeadCount,UPL,5.5,0.02399754,6.11676,0.02230398,5.939234,0.02167919,-0.00169356,-0.00231835
EST,Estonia,ECA,National,2018,HeadCount,EPL,1.9,0.002273624,2.195249,0.003167271,2.308829,0.003733622,0.000893647,0.001459998
EST,Estonia,ECA,National,2018,HeadCount,LPL,3.2,0.004722313,3.642544,0.005098117,3.981504,0.005547404,0.000375804,0.000825091
EST,Estonia,ECA,National,2018,HeadCount,UPL,5.5,0.008064182,6.11676,0.009743277,5.939234,0.008209905,0.001679095,0.000145723
ETH,Ethiopia,SSA,National,2018,HeadCount,EPL,1.9,0.2231319,2.195249,0.2018475,2.308829,0.2282461,-0.0212844,0.00511420000000001
ETH,Ethiopia,SSA,National,2018,HeadCount,LPL,3.2,0.5768602,3.642544,0.5279629,3.981504,0.609579,-0.0488973,0.0327187999999999
ETH,Ethiopia,SSA,National,2018,HeadCount,UPL,5.5,0.8719439,6.11676,0.8490466,5.939234,0.8403153,-0.0228973,-0.0316286
FIN,Finland,OHI,National,2018,HeadCount,EPL,1.9,0.0005677426,2.195249,0.0005677426,2.308829,0.0005677426,0,0
FIN,Finland,OHI,National,2018,HeadCount,LPL,3.2,0.001119219,3.642544,0.001119219,3.981504,0.001425955,0,0.000306736
FIN,Finland,OHI,National,2018,HeadCount,UPL,5.5,0.001870469,6.11676,0.001870469,5.939234,0.001870469,0,0
FJI,Fiji,EAP,National,2018,HeadCount,EPL,1.9,0.002117448,2.195249,0.001903606,2.308829,0.002117448,-0.000213842,0
FJI,Fiji,EAP,National,2018,HeadCount,LPL,3.2,0.03627572,3.642544,0.0269885,3.981504,0.04278626,-0.00928722,0.00651054
FJI,Fiji,EAP,National,2018,HeadCount,UPL,5.5,0.2378638,6.11676,0.1896485,5.939234,0.1741542,-0.0482153,-0.0637096
FRA,France,OHI,National,2018,HeadCount,EPL,1.9,0.0002116805,2.195249,0.0002116805,2.308829,0.0002116805,0,0
FRA,France,OHI,National,2018,HeadCount,LPL,3.2,0.0007229217,3.642544,0.0007229217,3.981504,0.0009759156,0,0.0002529939
FRA,France,OHI,National,2018,HeadCount,UPL,5.5,0.001072529,6.11676,0.00130303,5.939234,0.001072529,0.000230501,0
FSM,"Micronesia, Federated States of",EAP,National,2018,HeadCount,EPL,1.9,0.1539292,2.195249,0.1671622,2.308829,0.1874429,0.013233,0.0335137
FSM,"Micronesia, Federated States of",EAP,National,2018,HeadCount,LPL,3.2,0.3887995,3.642544,0.4067023,3.981504,0.4653058,0.0179028,0.0765063
FSM,"Micronesia, Federated States of",EAP,National,2018,HeadCount,UPL,5.5,0.6909485,6.11676,0.6985601,5.939234,0.68815,0.00761160000000005,-0.00279849999999993
GAB,Gabon,SSA,National,2018,HeadCount,EPL,1.9,0.03466373,2.195249,0.02768946,2.308829,0.03158559,-0.00697427,-0.00307814
GAB,Gabon,SSA,National,2018,HeadCount,LPL,3.2,0.1172348,3.642544,0.08551025,3.981504,0.1116354,-0.03172455,-0.00559940000000001
GAB,Gabon,SSA,National,2018,HeadCount,UPL,5.5,0.3296343,6.11676,0.2697029,5.939234,0.2526861,-0.0599314,-0.0769482
GBR,United Kingdom,OHI,National,2018,HeadCount,EPL,1.9,0.002980554,2.195249,0.003125912,2.308829,0.003125912,0.000145358,0.000145358
GBR,United Kingdom,OHI,National,2018,HeadCount,LPL,3.2,0.004575233,3.642544,0.004803007,3.981504,0.005026728,0.000227774,0.000451495000000001
GBR,United Kingdom,OHI,National,2018,HeadCount,UPL,5.5,0.008587011,6.11676,0.00888315,5.939234,0.00849474,0.000296138999999999,-9.22709999999997e-05
GEO,Georgia,ECA,National,2018,HeadCount,EPL,1.9,0.0448853,2.195249,0.05994097,2.308829,0.06670489,0.01505567,0.02181959
GEO,Georgia,ECA,National,2018,HeadCount,LPL,3.2,0.1552414,3.642544,0.1951139,3.981504,0.2292101,0.0398725,0.0739687
GEO,Georgia,ECA,National,2018,HeadCount,UPL,5.5,0.424821,6.11676,0.4684593,5.939234,0.4490069,0.0436383,0.0241859
GHA,Ghana,SSA,National,2018,HeadCount,EPL,1.9,0.1158267,2.195249,0.164817,2.308829,0.1805353,0.0489903,0.0647086
GHA,Ghana,SSA,National,2018,HeadCount,LPL,3.2,0.2720891,3.642544,0.3454599,3.981504,0.3852634,0.0733708,0.1131743
GHA,Ghana,SSA,National,2018,HeadCount,UPL,5.5,0.5247039,6.11676,0.6090338,5.939234,0.5937965,0.0843299,0.0690925999999999
GIN,Guinea,SSA,National,2018,HeadCount,EPL,1.9,0.2264062,2.195249,0.1235646,2.308829,0.1434035,-0.1028416,-0.0830027
GIN,Guinea,SSA,National,2018,HeadCount,LPL,3.2,0.5670178,3.642544,0.4006653,3.981504,0.4612921,-0.1663525,-0.1057257
GIN,Guinea,SSA,National,2018,HeadCount,UPL,5.5,0.8630736,6.11676,0.7377521,5.939234,0.7214041,-0.1253215,-0.1416695
GMB,"Gambia, The",SSA,National,2018,HeadCount,EPL,1.9,0.08966899,2.195249,0.1241114,2.308829,0.1423901,0.03444241,0.05272111
GMB,"Gambia, The",SSA,National,2018,HeadCount,LPL,3.2,0.3479641,3.642544,0.409906,3.981504,0.4741678,0.0619419,0.1262037
GMB,"Gambia, The",SSA,National,2018,HeadCount,UPL,5.5,0.7026423,6.11676,0.7322405,5.939234,0.7211335,0.0295981999999999,0.0184911999999999
GNB,Guinea-Bissau,SSA,National,2018,HeadCount,EPL,1.9,0.6349373,2.195249,0.6250248,2.308829,0.6485411,-0.00991249999999999,0.0136037999999999
GNB,Guinea-Bissau,SSA,National,2018,HeadCount,LPL,3.2,0.8283752,3.642544,0.8205689,3.981504,0.837448,-0.00780629999999993,0.00907279999999999
GNB,Guinea-Bissau,SSA,National,2018,HeadCount,UPL,5.5,0.9244474,6.11676,0.9152249,5.939234,0.912367,-0.00922250000000002,-0.0120804
GRC,Greece,OHI,National,2018,HeadCount,EPL,1.9,0.001395627,2.195249,0.001395627,2.308829,0.001395627,0,0
GRC,Greece,OHI,National,2018,HeadCount,LPL,3.2,0.002956469,3.642544,0.002814979,3.981504,0.003388063,-0.00014149,0.000431594
GRC,Greece,OHI,National,2018,HeadCount,UPL,5.5,0.02921856,6.11676,0.02479019,5.939234,0.02301471,-0.00442837,-0.00620385
GTM,Guatemala,LAC,National,2018,HeadCount,EPL,1.9,0.07165473,2.195249,0.07807487,2.308829,0.08853779,0.00642014,0.01688306
GTM,Guatemala,LAC,National,2018,HeadCount,LPL,3.2,0.2124531,3.642544,0.2226583,3.981504,0.2572753,0.0102052,0.0448222
GTM,Guatemala,LAC,National,2018,HeadCount,UPL,5.5,0.4446715,6.11676,0.4467069,5.939234,0.4339127,0.00203540000000002,-0.0107588
GUY,Guyana,LAC,National,2018,HeadCount,EPL,1.9,0.06218905,2.195249,0.06359507,2.308829,0.06738049,0.00140602,0.00519144
GUY,Guyana,LAC,National,2018,HeadCount,LPL,3.2,0.1228639,3.642544,0.1253515,3.981504,0.1325979,0.00248760000000001,0.00973399999999999
GUY,Guyana,LAC,National,2018,HeadCount,UPL,5.5,0.2592472,6.11676,0.25557,5.939234,0.2421588,-0.00367719999999999,-0.0170884
HND,Honduras,LAC,National,2018,HeadCount,EPL,1.9,0.1581078,2.195249,0.1456064,2.308829,0.1566079,-0.0125014,-0.0014999
HND,Honduras,LAC,National,2018,HeadCount,LPL,3.2,0.2960972,3.642544,0.2723143,3.981504,0.3024084,-0.0237829,0.00631120000000002
HND,Honduras,LAC,National,2018,HeadCount,UPL,5.5,0.5043755,6.11676,0.4609742,5.939234,0.4452354,-0.0434013,-0.0591401
HRV,Croatia,ECA,National,2018,HeadCount,EPL,1.9,0.004375505,2.195249,0.004581321,2.308829,0.004674591,0.000205816,0.000299086
HRV,Croatia,ECA,National,2018,HeadCount,LPL,3.2,0.007496612,3.642544,0.007496612,3.981504,0.008357607,0,0.000860995
HRV,Croatia,ECA,National,2018,HeadCount,UPL,5.5,0.0235197,6.11676,0.02155149,5.939234,0.02119902,-0.00196821,-0.00232068
HTI,Haiti,LAC,National,2018,HeadCount,EPL,1.9,0.1970502,2.195249,0.2506077,2.308829,0.2697721,0.0535575,0.0727219
HTI,Haiti,LAC,National,2018,HeadCount,LPL,3.2,0.4320961,3.642544,0.501638,3.981504,0.5541713,0.0695419,0.1220752
HTI,Haiti,LAC,National,2018,HeadCount,UPL,5.5,0.7232629,6.11676,0.7760311,5.939234,0.7655402,0.0527681999999999,0.0422773
HUN,Hungary,ECA,National,2018,HeadCount,EPL,1.9,0.002075304,2.195249,0.002251187,2.308829,0.002251187,0.000175883,0.000175883
HUN,Hungary,ECA,National,2018,HeadCount,LPL,3.2,0.005110448,3.642544,0.007158909,3.981504,0.01093477,0.002048461,0.005824322
HUN,Hungary,ECA,National,2018,HeadCount,UPL,5.5,0.02045913,6.11676,0.02399467,5.939234,0.02302918,0.00353554,0.00257005
IDN,Indonesia,EAP,National,2018,HeadCount,EPL,1.9,0.03626934,2.195249,0.05999793,2.308829,0.0728426,0.02372859,0.03657326
IDN,Indonesia,EAP,National,2018,HeadCount,LPL,3.2,0.2153222,3.642544,0.2713363,3.981504,0.3248495,0.0560141,0.1095273
IDN,Indonesia,EAP,National,2018,HeadCount,UPL,5.5,0.5321057,6.11676,0.5745457,5.939234,0.558474,0.04244,0.0263683
IND,India,SAS,National,2018,HeadCount,EPL,1.9,0.0980853,2.195249,0.09412563,2.308829,0.1135556,-0.00395967,0.0154703
IND,India,SAS,National,2018,HeadCount,LPL,3.2,0.4396676,3.642544,0.4201963,3.981504,0.4881028,-0.0194713,0.0484352
IND,India,SAS,National,2018,HeadCount,UPL,5.5,0.7890802,6.11676,0.7646872,5.939234,0.7487269,-0.024393,-0.0403533
IRL,Ireland,OHI,National,2018,HeadCount,EPL,1.9,0.002431961,2.195249,0.002431961,2.308829,0.002431961,0,0
IRL,Ireland,OHI,National,2018,HeadCount,LPL,3.2,0.003221248,3.642544,0.003353735,3.981504,0.003487984,0.000132487,0.000266736
IRL,Ireland,OHI,National,2018,HeadCount,UPL,5.5,0.003992185,6.11676,0.004218759,5.939234,0.004165843,0.000226574,0.000173658
IRN,"Iran, Islamic Republic of",MNA,National,2018,HeadCount,EPL,1.9,0.005114225,2.195249,0.008688237,2.308829,0.0107469,0.003574012,0.005632675
IRN,"Iran, Islamic Republic of",MNA,National,2018,HeadCount,LPL,3.2,0.03052246,3.642544,0.04463516,3.981504,0.05825894,0.0141127,0.02773648
IRN,"Iran, Islamic Republic of",MNA,National,2018,HeadCount,UPL,5.5,0.1383803,6.11676,0.1723935,5.939234,0.1616663,0.0340132,0.023286
IRQ,Iraq,MNA,National,2018,HeadCount,EPL,1.9,0.01395144,2.195249,0.0003620768,2.308829,0.0007692284,-0.0135893632,-0.0131822116
IRQ,Iraq,MNA,National,2018,HeadCount,LPL,3.2,0.1332077,3.642544,0.01445041,3.981504,0.02433831,-0.11875729,-0.10886939
IRQ,Iraq,MNA,National,2018,HeadCount,UPL,5.5,0.4999333,6.11676,0.1338654,5.939234,0.1220624,-0.3660679,-0.3778709
ISL,Iceland,OHI,National,2018,HeadCount,EPL,1.9,0,2.195249,0,2.308829,0,0,0
ISL,Iceland,OHI,National,2018,HeadCount,LPL,3.2,0,3.642544,0.0001792546,3.981504,0.0001792546,0.0001792546,0.0001792546
ISL,Iceland,OHI,National,2018,HeadCount,UPL,5.5,0.0004106122,6.11676,0.0004106122,5.939234,0.0004106122,0,0
ISR,Israel,OHI,National,2018,HeadCount,EPL,1.9,0.002413946,2.195249,0.002413946,2.308829,0.002413946,0,0
ISR,Israel,OHI,National,2018,HeadCount,LPL,3.2,0.007363225,3.642544,0.007363225,3.981504,0.009977683,0,0.002614458
ISR,Israel,OHI,National,2018,HeadCount,UPL,5.5,0.02735488,6.11676,0.02985389,5.939234,0.02985389,0.00249901,0.00249901
ITA,Italy,OHI,National,2018,HeadCount,EPL,1.9,0.01408868,2.195249,0.01421634,2.308829,0.01433547,0.00012766,0.00024679
ITA,Italy,OHI,National,2018,HeadCount,LPL,3.2,0.01817653,3.642544,0.01827159,3.981504,0.01966503,9.5060000000001e-05,0.0014885
ITA,Italy,OHI,National,2018,HeadCount,UPL,5.5,0.03134246,6.11676,0.03134246,5.939234,0.02956229,0,-0.00178017
JAM,Jamaica,LAC,National,2018,HeadCount,EPL,1.9,0.01795413,2.195249,0.01269927,2.308829,0.01593877,-0.00525486,-0.00201536
JAM,Jamaica,LAC,National,2018,HeadCount,LPL,3.2,0.09402972,3.642544,0.07324284,3.981504,0.0915501,-0.02078688,-0.00247962
JAM,Jamaica,LAC,National,2018,HeadCount,UPL,5.5,0.2997839,6.11676,0.2362867,5.939234,0.2264918,-0.0634972,-0.0732921
JOR,Jordan,MNA,National,2018,HeadCount,EPL,1.9,0.001041225,2.195249,0.0004085488,2.308829,0.0004085488,-0.0006326762,-0.0006326762
JOR,Jordan,MNA,National,2018,HeadCount,LPL,3.2,0.01664248,3.642544,0.003709918,3.981504,0.005630639,-0.012932562,-0.011011841
JOR,Jordan,MNA,National,2018,HeadCount,UPL,5.5,0.1560576,6.11676,0.04147757,5.939234,0.03720018,-0.11458003,-0.11885742
JPN,Japan,OHI,National,2018,HeadCount,EPL,1.9,0.007278879,2.195249,0.007278879,2.308829,0.007278879,0,0
JPN,Japan,OHI,National,2018,HeadCount,LPL,3.2,0.009434035,3.642544,0.009434035,3.981504,0.009434035,0,0
JPN,Japan,OHI,National,2018,HeadCount,UPL,5.5,0.01209406,6.11676,0.01209406,5.939234,0.01209406,0,0
KAZ,Kazakhstan,ECA,National,2018,HeadCount,EPL,1.9,0.0001053785,2.195249,0.0002046264,2.308829,0.0002521907,9.92479e-05,0.0001468122
KAZ,Kazakhstan,ECA,National,2018,HeadCount,LPL,3.2,0.001911277,3.642544,0.004689887,3.981504,0.008656822,0.00277861,0.006745545
KAZ,Kazakhstan,ECA,National,2018,HeadCount,UPL,5.5,0.04628169,6.11676,0.08374463,5.939234,0.07203717,0.03746294,0.02575548
KEN,Kenya,SSA,National,2018,HeadCount,EPL,1.9,0.3295964,2.195249,0.2650014,2.308829,0.2934166,-0.064595,-0.0361798
KEN,Kenya,SSA,National,2018,HeadCount,LPL,3.2,0.6246728,3.642544,0.5537057,3.981504,0.6044402,-0.0709671000000001,-0.0202326
KEN,Kenya,SSA,National,2018,HeadCount,UPL,5.5,0.8501231,6.11676,0.7933037,5.939234,0.7842188,-0.0568194000000001,-0.0659043
KGZ,Kyrgyz Republic,ECA,National,2018,HeadCount,EPL,1.9,0.005698184,2.195249,0.007864027,2.308829,0.01129742,0.002165843,0.005599236
KGZ,Kyrgyz Republic,ECA,National,2018,HeadCount,LPL,3.2,0.1091287,3.642544,0.1313986,3.981504,0.19593,0.0222699,0.0868013
KGZ,Kyrgyz Republic,ECA,National,2018,HeadCount,UPL,5.5,0.5483047,6.11676,0.5632347,5.939234,0.5374379,0.01493,-0.0108668
KOR,"Korea, Republic of",OHI,National,2018,HeadCount,EPL,1.9,0.002266651,2.195249,0.002266651,2.308829,0.002266651,0,0
KOR,"Korea, Republic of",OHI,National,2018,HeadCount,LPL,3.2,0.002266651,3.642544,0.004964409,3.981504,0.004964409,0.002697758,0.002697758
KOR,"Korea, Republic of",OHI,National,2018,HeadCount,UPL,5.5,0.007370937,6.11676,0.009978241,5.939234,0.009978241,0.002607304,0.002607304
LAC,Latin America & Caribbean,Aggregates,Regional,2018,HeadCount,EPL,1.9,0.040336153032029,2.195249,0.048033912895021,2.308829,0.0526065347963097,0.00769775986299197,0.0122703817642807
LAC,Latin America & Caribbean,Aggregates,Regional,2018,HeadCount,LPL,3.2,0.0996318287533632,3.642544,0.115506649844115,3.981504,0.134040559401803,0.0158748210907516,0.0344087306484399
LAC,Latin America & Caribbean,Aggregates,Regional,2018,HeadCount,UPL,5.5,0.238802303325595,6.11676,0.261084239496541,5.939234,0.250457314185162,0.0222819361709458,0.0116550108595674
LAO,Lao People's Democratic Republic,EAP,National,2018,HeadCount,EPL,1.9,0.101233,2.195249,0.07758539,2.308829,0.09360979,-0.02364761,-0.00762321000000001
LAO,Lao People's Democratic Republic,EAP,National,2018,HeadCount,LPL,3.2,0.3773608,3.642544,0.3257223,3.981504,0.378798,-0.0516385,0.00143720000000003
LAO,Lao People's Democratic Republic,EAP,National,2018,HeadCount,UPL,5.5,0.7066059,6.11676,0.6512706,5.939234,0.6333375,-0.0553353,-0.0732684
LBN,Lebanon,MNA,National,2018,HeadCount,EPL,1.9,0,2.195249,0,2.308829,0,0,0
LBN,Lebanon,MNA,National,2018,HeadCount,LPL,3.2,0.000744657,3.642544,0.0006112976,3.981504,0.000744657,-0.0001333594,0
LBN,Lebanon,MNA,National,2018,HeadCount,UPL,5.5,0.0222154,6.11676,0.01682314,5.939234,0.01319012,-0.00539226,-0.00902528
LBR,Liberia,SSA,National,2018,HeadCount,EPL,1.9,0.4518677,2.195249,0.0933055,2.308829,0.1104088,-0.3585622,-0.3414589
LBR,Liberia,SSA,National,2018,HeadCount,LPL,3.2,0.7614921,3.642544,0.3285472,3.981504,0.3834796,-0.4329449,-0.3780125
LBR,Liberia,SSA,National,2018,HeadCount,UPL,5.5,0.933884,6.11676,0.6602857,5.939234,0.6427545,-0.2735983,-0.2911295
LCA,St. Lucia,LAC,National,2018,HeadCount,EPL,1.9,0.04373724,2.195249,0.04980456,2.308829,0.05369582,0.00606732,0.00995858
LCA,St. Lucia,LAC,National,2018,HeadCount,LPL,3.2,0.09365848,3.642544,0.1099586,3.981504,0.1241059,0.01630012,0.03044742
LCA,St. Lucia,LAC,National,2018,HeadCount,UPL,5.5,0.1898722,6.11676,0.2009801,5.939234,0.1927367,0.0111079,0.00286450000000002
LKA,Sri Lanka,SAS,National,2018,HeadCount,EPL,1.9,0.006493261,2.195249,0.01097058,2.308829,0.01447964,0.004477319,0.007986379
LKA,Sri Lanka,SAS,National,2018,HeadCount,LPL,3.2,0.09280608,3.642544,0.1157109,3.981504,0.1541146,0.02290482,0.06130852
LKA,Sri Lanka,SAS,National,2018,HeadCount,UPL,5.5,0.3890253,6.11676,0.4143778,5.939234,0.3956855,0.0253525,0.00666020000000001
LSO,Lesotho,SSA,National,2018,HeadCount,EPL,1.9,0.2767365,2.195249,0.3385925,2.308829,0.3577275,0.061856,0.080991
LSO,Lesotho,SSA,National,2018,HeadCount,LPL,3.2,0.5021046,3.642544,0.5507755,3.981504,0.5895867,0.0486709,0.0874821
LSO,Lesotho,SSA,National,2018,HeadCount,UPL,5.5,0.7354897,6.11676,0.7716511,5.939234,0.7614687,0.0361614,0.025979
LTU,Lithuania,ECA,National,2018,HeadCount,EPL,1.9,0.009250137,2.195249,0.009405912,2.308829,0.009405912,0.000155775,0.000155775
LTU,Lithuania,ECA,National,2018,HeadCount,LPL,3.2,0.01264839,3.642544,0.01339721,3.981504,0.01544422,0.000748819999999999,0.00279583
LTU,Lithuania,ECA,National,2018,HeadCount,UPL,5.5,0.02426086,6.11676,0.02426086,5.939234,0.02414952,0,-0.000111339999999998
LUX,Luxembourg,OHI,National,2018,HeadCount,EPL,1.9,0.002848179,2.195249,0.002848179,2.308829,0.002848179,0,0
LUX,Luxembourg,OHI,National,2018,HeadCount,LPL,3.2,0.003564238,3.642544,0.003784492,3.981504,0.003784492,0.000220254,0.000220254
LUX,Luxembourg,OHI,National,2018,HeadCount,UPL,5.5,0.005771102,6.11676,0.005771102,5.939234,0.005771102,0,0
LVA,Latvia,ECA,National,2018,HeadCount,EPL,1.9,0.003419552,2.195249,0.003688017,2.308829,0.004018562,0.000268465,0.00059901
LVA,Latvia,ECA,National,2018,HeadCount,LPL,3.2,0.009093025,3.642544,0.009892904,3.981504,0.01081121,0.000799879,0.001718185
LVA,Latvia,ECA,National,2018,HeadCount,UPL,5.5,0.02464415,6.11676,0.02539159,5.939234,0.02464415,0.000747439999999999,0
MAR,Morocco,MNA,National,2018,HeadCount,EPL,1.9,0.006624114,2.195249,0.01051038,2.308829,0.01391426,0.003886266,0.007290146
MAR,Morocco,MNA,National,2018,HeadCount,LPL,3.2,0.0544897,3.642544,0.07476295,3.981504,0.09856063,0.02027325,0.04407093
MAR,Morocco,MNA,National,2018,HeadCount,UPL,5.5,0.2513455,6.11676,0.2943803,5.939234,0.2775419,0.0430348,0.0261964
MDA,Moldova,ECA,National,2018,HeadCount,EPL,1.9,0.0001823872,2.195249,0.0001823872,2.308829,0.0001823872,0,0
MDA,Moldova,ECA,National,2018,HeadCount,LPL,3.2,0.009181543,3.642544,0.006211543,3.981504,0.01002219,-0.00297,0.000840647
MDA,Moldova,ECA,National,2018,HeadCount,UPL,5.5,0.1284128,6.11676,0.09086143,5.939234,0.07769837,-0.03755137,-0.05071443
MDG,Madagascar,SSA,National,2018,HeadCount,EPL,1.9,0.7722986,2.195249,0.7988128,2.308829,0.8144647,0.0265142,0.0421661000000001
MDG,Madagascar,SSA,National,2018,HeadCount,LPL,3.2,0.9081447,3.642544,0.9172045,3.981504,0.9306822,0.00905979999999995,0.0225375
MDG,Madagascar,SSA,National,2018,HeadCount,UPL,5.5,0.9722318,6.11676,0.9747149,5.939234,0.9731268,0.00248310000000007,0.000894999999999979
MDV,Maldives,SAS,National,2018,HeadCount,EPL,1.9,0,2.195249,0,2.308829,0,0,0
MDV,Maldives,SAS,National,2018,HeadCount,LPL,3.2,0.001137809,3.642544,0.001455777,3.981504,0.002550518,0.000317968,0.001412709
MDV,Maldives,SAS,National,2018,HeadCount,UPL,5.5,0.02698553,6.11676,0.02714901,5.939234,0.02033498,0.000163480000000001,-0.00665055
MEX,Mexico,LAC,National,2018,HeadCount,EPL,1.9,0.01731753,2.195249,0.0190475,2.308829,0.02190724,0.00172997,0.00458971
MEX,Mexico,LAC,National,2018,HeadCount,LPL,3.2,0.06479822,3.642544,0.06915786,3.981504,0.08749563,0.00435964,0.02269741
MEX,Mexico,LAC,National,2018,HeadCount,UPL,5.5,0.2270091,6.11676,0.229252,5.939234,0.2161074,0.00224290000000002,-0.0109017
MKD,North Macedonia,ECA,National,2018,HeadCount,EPL,1.9,0.03398556,2.195249,0.03480364,2.308829,0.03720243,0.000818079999999999,0.00321687
MKD,North Macedonia,ECA,National,2018,HeadCount,LPL,3.2,0.07114872,3.642544,0.07374185,3.981504,0.08267771,0.00259313,0.01152899
MKD,North Macedonia,ECA,National,2018,HeadCount,UPL,5.5,0.1791149,6.11676,0.1745718,5.939234,0.1642479,-0.0045431,-0.014867
MLI,Mali,SSA,National,2018,HeadCount,EPL,1.9,0.4342856,2.195249,0.4259594,2.308829,0.4625723,-0.00832620000000001,0.0282867
MLI,Mali,SSA,National,2018,HeadCount,LPL,3.2,0.755299,3.642544,0.7418892,3.981504,0.7833989,-0.0134098,0.0280999
MLI,Mali,SSA,National,2018,HeadCount,UPL,5.5,0.9353758,6.11676,0.9254742,5.939234,0.9200775,-0.00990159999999996,-0.0152983
MLT,Malta,OHI,National,2018,HeadCount,EPL,1.9,0.001033806,2.195249,0.001033806,2.308829,0.001249397,0,0.000215591
MLT,Malta,OHI,National,2018,HeadCount,LPL,3.2,0.002227282,3.642544,0.002381907,3.981504,0.002544108,0.000154625,0.000316826
MLT,Malta,OHI,National,2018,HeadCount,UPL,5.5,0.002688916,6.11676,0.002688916,5.939234,0.002688916,0,0
MMR,Myanmar,EAP,National,2018,HeadCount,EPL,1.9,0.01027527,2.195249,0.01658595,2.308829,0.02160677,0.00631068,0.0113315
MMR,Myanmar,EAP,National,2018,HeadCount,LPL,3.2,0.1217641,3.642544,0.1599822,3.981504,0.2135043,0.0382181,0.0917402
MMR,Myanmar,EAP,National,2018,HeadCount,UPL,5.5,0.492364,6.11676,0.5453668,5.939234,0.5213587,0.0530028,0.0289946999999999
MNA,Middle East & North Africa,Aggregates,Regional,2018,HeadCount,EPL,1.9,0.0761132748504218,2.195249,0.00567453706132008,2.308829,0.00700655839398218,-0.0704387377891017,-0.0691067164564396
MNA,Middle East & North Africa,Aggregates,Regional,2018,HeadCount,LPL,3.2,0.199729789963971,3.642544,0.0428276731812486,3.981504,0.0603644325705367,-0.156902116782722,-0.139365357393434
MNA,Middle East & North Africa,Aggregates,Regional,2018,HeadCount,UPL,5.5,0.44671018619078,6.11676,0.231094366196016,5.939234,0.214713999239542,-0.215615819994764,-0.231996186951238
MNE,Montenegro,ECA,National,2018,HeadCount,EPL,1.9,0.02332225,2.195249,0.02387289,2.308829,0.02504604,0.000550640000000002,0.00172379
MNE,Montenegro,ECA,National,2018,HeadCount,LPL,3.2,0.05042143,3.642544,0.05051934,3.981504,0.06017917,9.79099999999997e-05,0.00975773999999999
MNE,Montenegro,ECA,National,2018,HeadCount,UPL,5.5,0.1358977,6.11676,0.1312544,5.939234,0.1243072,-0.00464330000000002,-0.0115905
MNG,Mongolia,EAP,National,2018,HeadCount,EPL,1.9,0.004945171,2.195249,0.007670843,2.308829,0.009844685,0.002725672,0.004899514
MNG,Mongolia,EAP,National,2018,HeadCount,LPL,3.2,0.05034849,3.642544,0.0683244,3.981504,0.09325288,0.01797591,0.04290439
MNG,Mongolia,EAP,National,2018,HeadCount,UPL,5.5,0.2705705,6.11676,0.3101082,5.939234,0.2929634,0.0395377,0.0223929
MOZ,Mozambique,SSA,National,2018,HeadCount,EPL,1.9,0.620187,2.195249,0.6384789,2.308829,0.6591305,0.0182918999999999,0.0389434999999999
MOZ,Mozambique,SSA,National,2018,HeadCount,LPL,3.2,0.8123299,3.642544,0.8208687,3.981504,0.8420054,0.00853879999999996,0.0296755
MOZ,Mozambique,SSA,National,2018,HeadCount,UPL,5.5,0.9166162,6.11676,0.9176581,5.939234,0.9133601,0.00104190000000004,-0.00325609999999998
MRT,Mauritania,SSA,National,2018,HeadCount,EPL,1.9,0.05937728,2.195249,0.06744374,2.308829,0.07708189,0.00806646000000001,0.01770461
MRT,Mauritania,SSA,National,2018,HeadCount,LPL,3.2,0.2373085,3.642544,0.2563871,3.981504,0.310746,0.0190786,0.0734375
MRT,Mauritania,SSA,National,2018,HeadCount,UPL,5.5,0.5827915,6.11676,0.5914363,5.939234,0.5709876,0.00864480000000001,-0.0118039
MUS,Mauritius,SSA,National,2018,HeadCount,EPL,1.9,0.00181041,2.195249,0.001066179,2.308829,0.00181041,-0.000744231,0
MUS,Mauritius,SSA,National,2018,HeadCount,LPL,3.2,0.01972681,3.642544,0.01609003,3.981504,0.02170032,-0.00363678,0.00197351
MUS,Mauritius,SSA,National,2018,HeadCount,UPL,5.5,0.1110927,6.11676,0.08356116,5.939234,0.07570892,-0.02753154,-0.03538378
MWI,Malawi,SSA,National,2018,HeadCount,EPL,1.9,0.6834913,2.195249,0.748163,2.308829,0.7672087,0.0646717,0.0837173999999999
MWI,Malawi,SSA,National,2018,HeadCount,LPL,3.2,0.8864379,3.642544,0.9085065,3.981504,0.924087,0.0220686,0.0376491
MWI,Malawi,SSA,National,2018,HeadCount,UPL,5.5,0.9646915,6.11676,0.9707749,5.939234,0.9689543,0.00608339999999996,0.00426280000000001
MYS,Malaysia,EAP,National,2018,HeadCount,EPL,1.9,6.961048e-05,2.195249,0.0001035119,2.308829,0.0001309546,3.390142e-05,6.134412e-05
MYS,Malaysia,EAP,National,2018,HeadCount,LPL,3.2,0.00124373,3.642544,0.001810497,3.981504,0.003198562,0.000566767,0.001954832
MYS,Malaysia,EAP,National,2018,HeadCount,UPL,5.5,0.01755374,6.11676,0.02102051,5.939234,0.01884956,0.00346677,0.00129582
NAM,Namibia,SSA,National,2018,HeadCount,EPL,1.9,0.1525776,2.195249,0.1723195,2.308829,0.1895165,0.0197419,0.0369389
NAM,Namibia,SSA,National,2018,HeadCount,LPL,3.2,0.3209936,3.642544,0.3481202,3.981504,0.3789879,0.0271266,0.0579943
NAM,Namibia,SSA,National,2018,HeadCount,UPL,5.5,0.5265807,6.11676,0.5472461,5.939234,0.5363543,0.0206653999999999,0.00977359999999994
NER,Niger,SSA,National,2018,HeadCount,EPL,1.9,0.4048668,2.195249,0.5144642,2.308829,0.5409325,0.1095974,0.1360657
NER,Niger,SSA,National,2018,HeadCount,LPL,3.2,0.7364324,3.642544,0.799619,3.981504,0.8344461,0.0631866,0.0980137
NER,Niger,SSA,National,2018,HeadCount,UPL,5.5,0.9215322,6.11676,0.9453976,5.939234,0.9408169,0.0238653999999999,0.0192846999999999
NGA,Nigeria,SSA,National,2018,HeadCount,EPL,1.9,0.4012006,2.195249,0.2786091,2.308829,0.3077703,-0.1225915,-0.0934303
NGA,Nigeria,SSA,National,2018,HeadCount,LPL,3.2,0.7137784,3.642544,0.5783076,3.981504,0.6332434,-0.1354708,-0.080535
NGA,Nigeria,SSA,National,2018,HeadCount,UPL,5.5,0.9192824,6.11676,0.8421087,5.939234,0.8315012,-0.0771737,-0.0877812
NIC,Nicaragua,LAC,National,2018,HeadCount,EPL,1.9,0.02957366,2.195249,0.03732801,2.308829,0.04528433,0.00775435,0.01571067
NIC,Nicaragua,LAC,National,2018,HeadCount,LPL,3.2,0.1193622,3.642544,0.1349922,3.981504,0.1585215,0.01563,0.0391593
NIC,Nicaragua,LAC,National,2018,HeadCount,UPL,5.5,0.3343999,6.11676,0.3440248,5.939234,0.3298314,0.00962489999999999,-0.00456850000000003
NLD,Netherlands,OHI,National,2018,HeadCount,EPL,1.9,0.0009979579,2.195249,0.001009163,2.308829,0.001009163,1.12051000000001e-05,1.12051000000001e-05
NLD,Netherlands,OHI,National,2018,HeadCount,LPL,3.2,0.001582587,3.642544,0.001710419,3.981504,0.001842293,0.000127832,0.000259706
NLD,Netherlands,OHI,National,2018,HeadCount,UPL,5.5,0.003497445,6.11676,0.003503946,5.939234,0.003355592,6.5009999999999e-06,-0.000141853
NOR,Norway,OHI,National,2018,HeadCount,EPL,1.9,0.002545,2.195249,0.002545,2.308829,0.002818438,0,0.000273438
NOR,Norway,OHI,National,2018,HeadCount,LPL,3.2,0.002919953,3.642544,0.002919953,3.981504,0.002919953,0,0
NOR,Norway,OHI,National,2018,HeadCount,UPL,5.5,0.003926425,6.11676,0.004277179,5.939234,0.003926425,0.000350754,0
NPL,Nepal,SAS,National,2018,HeadCount,EPL,1.9,0.05632545,2.195249,0.0293033,2.308829,0.03632056,-0.02702215,-0.02000489
NPL,Nepal,SAS,National,2018,HeadCount,LPL,3.2,0.3312726,3.642544,0.2269134,3.981504,0.2842756,-0.1043592,-0.046997
NPL,Nepal,SAS,National,2018,HeadCount,UPL,5.5,0.7022757,6.11676,0.5842002,5.939234,0.563116,-0.1180755,-0.1391597
OHI,Other High Income,Aggregates,Regional,2018,HeadCount,EPL,1.9,0.00605309726356995,2.195249,0.00621745326453683,2.308829,0.00624095170307496,0.00016435600096688,0.000187854439505006
OHI,Other High Income,Aggregates,Regional,2018,HeadCount,LPL,3.2,0.00815485250736583,3.642544,0.00849280394109614,3.981504,0.00871568876836917,0.000337951433730313,0.000560836261003336
OHI,Other High Income,Aggregates,Regional,2018,HeadCount,UPL,5.5,0.0129042936773973,6.11676,0.0132470715565552,5.939234,0.0130186323881189,0.000342777879157903,0.00011433871072157
PAK,Pakistan,SAS,National,2018,HeadCount,EPL,1.9,0.04039479,2.195249,0.06216679,2.308829,0.07937744,0.021772,0.03898265
PAK,Pakistan,SAS,National,2018,HeadCount,LPL,3.2,0.3430194,3.642544,0.3906416,3.981504,0.4660369,0.0476222,0.1230175
PAK,Pakistan,SAS,National,2018,HeadCount,UPL,5.5,0.7504064,6.11676,0.7689773,5.939234,0.7530138,0.0185708999999999,0.00260739999999993
PAN,Panama,LAC,National,2018,HeadCount,EPL,1.9,0.0170365,2.195249,0.01462091,2.308829,0.0160323,-0.00241559,-0.0010042
PAN,Panama,LAC,National,2018,HeadCount,LPL,3.2,0.05213932,3.642544,0.04377847,3.981504,0.05156313,-0.00836085,-0.000576190000000004
PAN,Panama,LAC,National,2018,HeadCount,UPL,5.5,0.1258222,6.11676,0.1052393,5.939234,0.1005038,-0.0205829,-0.0253184
PER,Peru,LAC,National,2018,HeadCount,EPL,1.9,0.02685245,2.195249,0.03701181,2.308829,0.04154414,0.01015936,0.01469169
PER,Peru,LAC,National,2018,HeadCount,LPL,3.2,0.08433793,3.642544,0.1058712,3.981504,0.126748,0.02153327,0.04241007
PER,Peru,LAC,National,2018,HeadCount,UPL,5.5,0.223085,6.11676,0.2563055,5.939234,0.2454609,0.0332205,0.0223759
PHL,Philippines,EAP,National,2018,HeadCount,EPL,1.9,0.0465935,2.195249,0.05492488,2.308829,0.06786212,0.00833138,0.02126862
PHL,Philippines,EAP,National,2018,HeadCount,LPL,3.2,0.2545258,3.642544,0.2684447,3.981504,0.3216017,0.0139189,0.0670759
PHL,Philippines,EAP,National,2018,HeadCount,UPL,5.5,0.5870532,6.11676,0.5876529,5.939234,0.57007,0.000599699999999981,-0.0169832000000001
PNG,Papua New Guinea,EAP,National,2018,HeadCount,EPL,1.9,0.2771003,2.195249,0.3047905,2.308829,0.3245927,0.0276902,0.0474924
PNG,Papua New Guinea,EAP,National,2018,HeadCount,LPL,3.2,0.5299342,3.642544,0.5487787,3.981504,0.5994561,0.0188444999999999,0.0695219
PNG,Papua New Guinea,EAP,National,2018,HeadCount,UPL,5.5,0.7905732,6.11676,0.7992497,5.939234,0.7876782,0.00867649999999998,-0.00289499999999998
POL,Poland,ECA,National,2018,HeadCount,EPL,1.9,1.892668e-05,2.195249,6.47354e-05,2.308829,6.47354e-05,4.580872e-05,4.580872e-05
POL,Poland,ECA,National,2018,HeadCount,LPL,3.2,0.0003640968,3.642544,0.0007392573,3.981504,0.001647825,0.0003751605,0.0012837282
POL,Poland,ECA,National,2018,HeadCount,UPL,5.5,0.01948263,6.11676,0.02464918,5.939234,0.02152322,0.00516655,0.00204059
PRT,Portugal,OHI,National,2018,HeadCount,EPL,1.9,0.002896286,2.195249,0.002902539,2.308829,0.002910324,6.2529999999999e-06,1.40380000000001e-05
PRT,Portugal,OHI,National,2018,HeadCount,LPL,3.2,0.006585067,3.642544,0.00688064,3.981504,0.007975146,0.000295573,0.001390079
PRT,Portugal,OHI,National,2018,HeadCount,UPL,5.5,0.01673825,6.11676,0.01747485,5.939234,0.01655085,0.0007366,-0.000187400000000001
PRY,Paraguay,LAC,National,2018,HeadCount,EPL,1.9,0.01313047,2.195249,0.01494248,2.308829,0.01658245,0.00181201,0.00345198
PRY,Paraguay,LAC,National,2018,HeadCount,LPL,3.2,0.05368631,3.642544,0.0574496,3.981504,0.06883711,0.00376329,0.0151508
PRY,Paraguay,LAC,National,2018,HeadCount,UPL,5.5,0.155852,6.11676,0.1599284,5.939234,0.1531463,0.00407640000000001,-0.00270569999999998
PSE,West Bank and Gaza,MNA,National,2018,HeadCount,EPL,1.9,0.008927572,2.195249,0,2.308829,0,-0.008927572,-0.008927572
PSE,West Bank and Gaza,MNA,National,2018,HeadCount,LPL,3.2,0.04910441,3.642544,0,3.981504,0,-0.04910441,-0.04910441
PSE,West Bank and Gaza,MNA,National,2018,HeadCount,UPL,5.5,0.2306264,6.11676,0.001221459,5.939234,0.001221459,-0.229404941,-0.229404941
ROU,Romania,ECA,National,2018,HeadCount,EPL,1.9,0.02370378,2.195249,0.02862103,2.308829,0.03031927,0.00491725,0.00661549
ROU,Romania,ECA,National,2018,HeadCount,LPL,3.2,0.05118694,3.642544,0.05925113,3.981504,0.06620851,0.00806419,0.01502157
ROU,Romania,ECA,National,2018,HeadCount,UPL,5.5,0.1085414,6.11676,0.1183903,5.939234,0.1123747,0.00984890000000001,0.0038333
RUS,Russian Federation,ECA,National,2018,HeadCount,EPL,1.9,0.0003121883,2.195249,0.0003686982,2.308829,0.0005301587,5.65099e-05,0.0002179704
RUS,Russian Federation,ECA,National,2018,HeadCount,LPL,3.2,0.003503267,3.642544,0.003655893,3.981504,0.005267714,0.000152626,0.001764447
RUS,Russian Federation,ECA,National,2018,HeadCount,UPL,5.5,0.03656965,6.11676,0.03457133,5.939234,0.03013683,-0.00199832,-0.00643282
RWA,Rwanda,SSA,National,2018,HeadCount,EPL,1.9,0.5278593,2.195249,0.49815,2.308829,0.5271787,-0.0297093000000001,-0.000680600000000031
RWA,Rwanda,SSA,National,2018,HeadCount,LPL,3.2,0.7826894,3.642544,0.7555039,3.981504,0.7910303,-0.0271855,0.00834089999999998
RWA,Rwanda,SSA,National,2018,HeadCount,UPL,5.5,0.910029,6.11676,0.895884,5.939234,0.8904036,-0.014145,-0.0196254
SAS,South Asia,Aggregates,Regional,2018,HeadCount,EPL,1.9,0.0929641789474383,2.195249,0.0852091802733563,2.308829,0.103635123279093,-0.00775499867408198,0.0106709443316545
SAS,South Asia,Aggregates,Regional,2018,HeadCount,LPL,3.2,0.424973096921501,3.642544,0.402813501152683,3.981504,0.471578742497958,-0.0221595957688177,0.0466056455764569
SAS,South Asia,Aggregates,Regional,2018,HeadCount,UPL,5.5,0.780045414051326,6.11676,0.754271190634142,5.939234,0.737899821771059,-0.0257742234171844,-0.0421455922802675
SDN,Sudan,SSA,National,2018,HeadCount,EPL,1.9,0.1155729,2.195249,0.09145158,2.308829,0.1057023,-0.02412132,-0.00987060000000001
SDN,Sudan,SSA,National,2018,HeadCount,LPL,3.2,0.4278466,3.642544,0.3590875,3.981504,0.4192068,-0.0687591,-0.00863980000000003
SDN,Sudan,SSA,National,2018,HeadCount,UPL,5.5,0.7817555,6.11676,0.7157857,5.939234,0.6945004,-0.0659698000000001,-0.0872551
SEN,Senegal,SSA,National,2018,HeadCount,EPL,1.9,0.2883989,2.195249,0.3214531,2.308829,0.3520229,0.0330542,0.063624
SEN,Senegal,SSA,National,2018,HeadCount,LPL,3.2,0.5733851,3.642544,0.6082478,3.981504,0.6568805,0.0348627,0.0834954
SEN,Senegal,SSA,National,2018,HeadCount,UPL,5.5,0.8258411,6.11676,0.8353658,5.939234,0.8258411,0.00952470000000005,0
SLB,Solomon Islands,EAP,National,2018,HeadCount,EPL,1.9,0.2226916,2.195249,0.2536729,2.308829,0.277797,0.0309813,0.0551054
SLB,Solomon Islands,EAP,National,2018,HeadCount,LPL,3.2,0.554562,3.642544,0.5804193,3.981504,0.6338955,0.0258573,0.0793335
SLB,Solomon Islands,EAP,National,2018,HeadCount,UPL,5.5,0.8289316,6.11676,0.8356275,5.939234,0.8227728,0.00669589999999998,-0.00615880000000002
SLE,Sierra Leone,SSA,National,2018,HeadCount,EPL,1.9,0.4299102,2.195249,0.2759706,2.308829,0.3112008,-0.1539396,-0.1187094
SLE,Sierra Leone,SSA,National,2018,HeadCount,LPL,3.2,0.7596447,3.642544,0.6420466,3.981504,0.6926162,-0.1175981,-0.0670284999999999
SLE,Sierra Leone,SSA,National,2018,HeadCount,UPL,5.5,0.9270503,6.11676,0.8721823,5.939234,0.8638588,-0.054868,-0.0631915
SLV,El Salvador,LAC,National,2018,HeadCount,EPL,1.9,0.01515231,2.195249,0.02020428,2.308829,0.02296756,0.00505197,0.00781525
SLV,El Salvador,LAC,National,2018,HeadCount,LPL,3.2,0.07971645,3.642544,0.0893157,3.981504,0.1087407,0.00959925,0.02902425
SLV,El Salvador,LAC,National,2018,HeadCount,UPL,5.5,0.2627654,6.11676,0.2711539,5.939234,0.2577001,0.00838850000000002,-0.0050653
SRB,Serbia,ECA,National,2018,HeadCount,EPL,1.9,0.0003704303,2.195249,0.0006781503,2.308829,0.0006781503,0.00030772,0.00030772
SRB,Serbia,ECA,National,2018,HeadCount,LPL,3.2,0.006815666,3.642544,0.007301056,3.981504,0.01133893,0.000485390000000001,0.004523264
SRB,Serbia,ECA,National,2018,HeadCount,UPL,5.5,0.0584318,6.11676,0.05765064,5.939234,0.0519652,-0.000781159999999996,-0.0064666
SSA,Sub-Saharan Africa,Aggregates,Regional,2018,HeadCount,EPL,1.9,0.405623875678711,2.195249,0.363554218506783,2.308829,0.388284922246357,-0.0420696571719285,-0.0173389534323543
SSA,Sub-Saharan Africa,Aggregates,Regional,2018,HeadCount,LPL,3.2,0.667415171514218,3.642544,0.618381511228858,3.981504,0.663090423796558,-0.0490336602853598,-0.00432474771765967
SSA,Sub-Saharan Africa,Aggregates,Regional,2018,HeadCount,UPL,5.5,0.860826781135635,6.11676,0.829964643876868,5.939234,0.8211409839893,-0.0308621372587672,-0.0396857971463352
STP,Sao Tome and Principe,SSA,National,2018,HeadCount,EPL,1.9,0.352913,2.195249,0.2354566,2.308829,0.2612055,-0.1174564,-0.0917075
STP,Sao Tome and Principe,SSA,National,2018,HeadCount,LPL,3.2,0.6503792,3.642544,0.4991529,3.981504,0.5491413,-0.1512263,-0.1012379
STP,Sao Tome and Principe,SSA,National,2018,HeadCount,UPL,5.5,0.85946,6.11676,0.7737336,5.939234,0.7573996,-0.0857264,-0.1020604
SUR,Suriname-Urban,LAC,Subnational,2018,HeadCount,EPL,1.9,0.1753247,2.195249,0.1552538,2.308829,0.1576151,-0.0200709,-0.0177096
SUR,Suriname-Urban,LAC,Subnational,2018,HeadCount,LPL,3.2,0.2473436,3.642544,0.1965762,3.981504,0.2113341,-0.0507674,-0.0360095
SUR,Suriname-Urban,LAC,Subnational,2018,HeadCount,UPL,5.5,0.3831169,6.11676,0.3205431,5.939234,0.3205431,-0.0625738,-0.0625738
SVK,Slovak Republic,ECA,National,2018,HeadCount,EPL,1.9,0.001694571,2.195249,0.00406305,2.308829,0.004121318,0.002368479,0.002426747
SVK,Slovak Republic,ECA,National,2018,HeadCount,LPL,3.2,0.009989206,3.642544,0.01444222,3.981504,0.01642782,0.004453014,0.006438614
SVK,Slovak Republic,ECA,National,2018,HeadCount,UPL,5.5,0.0244911,6.11676,0.03146209,5.939234,0.03023751,0.00697099,0.00574641
SVN,Slovenia,ECA,National,2018,HeadCount,EPL,1.9,0,2.195249,0,2.308829,0,0,0
SVN,Slovenia,ECA,National,2018,HeadCount,LPL,3.2,0,3.642544,0,3.981504,0.0001790949,0,0.0001790949
SVN,Slovenia,ECA,National,2018,HeadCount,UPL,5.5,0.0007338624,6.11676,0.0008958042,5.939234,0.0007338624,0.0001619418,0
SWE,Sweden,OHI,National,2018,HeadCount,EPL,1.9,0.006933784,2.195249,0.007255068,2.308829,0.007642742,0.000321284,0.000708958
SWE,Sweden,OHI,National,2018,HeadCount,LPL,3.2,0.008828855,3.642544,0.009296524,3.981504,0.0098277,0.000467669,0.000998845
SWE,Sweden,OHI,National,2018,HeadCount,UPL,5.5,0.01214265,6.11676,0.01332569,5.939234,0.0126942,0.00118304,0.00055155
SWZ,Eswatini,SSA,National,2018,HeadCount,EPL,1.9,0.2819666,2.195249,0.3607985,2.308829,0.3822807,0.0788319,0.1003141
SWZ,Eswatini,SSA,National,2018,HeadCount,LPL,3.2,0.5150043,3.642544,0.5703106,3.981504,0.6120139,0.0553063,0.0970096
SWZ,Eswatini,SSA,National,2018,HeadCount,UPL,5.5,0.7122663,6.11676,0.7501535,5.939234,0.7443322,0.0378872,0.0320659
SYC,Seychelles,SSA,National,2018,HeadCount,EPL,1.9,0.004588195,2.195249,0.005881553,2.308829,0.005904595,0.001293358,0.0013164
SYC,Seychelles,SSA,National,2018,HeadCount,LPL,3.2,0.01129729,3.642544,0.01179266,3.981504,0.01550833,0.00049537,0.00421104
SYC,Seychelles,SSA,National,2018,HeadCount,UPL,5.5,0.05198837,6.11676,0.05597259,5.939234,0.05006953,0.00398422,-0.00191884
TCD,Chad,SSA,National,2018,HeadCount,EPL,1.9,0.4117676,2.195249,0.4020305,2.308829,0.4314206,-0.0097371,0.019653
TCD,Chad,SSA,National,2018,HeadCount,LPL,3.2,0.6888596,3.642544,0.675185,3.981504,0.7127868,-0.0136746,0.0239272
TCD,Chad,SSA,National,2018,HeadCount,UPL,5.5,0.8802549,6.11676,0.8646583,5.939234,0.856022,-0.0155966,-0.0242329
TGO,Togo,SSA,National,2018,HeadCount,EPL,1.9,0.463613,2.195249,0.5251933,2.308829,0.5471116,0.0615803,0.0834986
TGO,Togo,SSA,National,2018,HeadCount,LPL,3.2,0.7150287,3.642544,0.7550975,3.981504,0.7770805,0.0400688,0.0620518
TGO,Togo,SSA,National,2018,HeadCount,UPL,5.5,0.8884657,6.11676,0.9083382,5.939234,0.9010271,0.0198725,0.0125613999999999
THA,Thailand,EAP,National,2018,HeadCount,EPL,1.9,0.0002406222,2.195249,0.0004541128,2.308829,0.0006043182,0.0002134906,0.000363696
THA,Thailand,EAP,National,2018,HeadCount,LPL,3.2,0.005277695,3.642544,0.009254588,3.981504,0.01496388,0.003976893,0.009686185
THA,Thailand,EAP,National,2018,HeadCount,UPL,5.5,0.08391458,6.11676,0.111183,5.939234,0.1002489,0.02726842,0.01633432
TJK,Tajikistan,ECA,National,2018,HeadCount,EPL,1.9,0.0234614,2.195249,0.1242835,2.308829,0.1416925,0.1008221,0.1182311
TJK,Tajikistan,ECA,National,2018,HeadCount,LPL,3.2,0.1242835,3.642544,0.3905677,3.981504,0.4445548,0.2662842,0.3202713
TJK,Tajikistan,ECA,National,2018,HeadCount,UPL,5.5,0.4160812,6.11676,0.7271112,5.939234,0.7123112,0.31103,0.29623
TKM,Turkmenistan,ECA,National,2018,HeadCount,EPL,1.9,0.02028364,2.195249,0.01673813,2.308829,0.01805739,-0.00354551,-0.00222625
TKM,Turkmenistan,ECA,National,2018,HeadCount,LPL,3.2,0.0991095,3.642544,0.07181728,3.981504,0.09407982,-0.02729222,-0.00502968000000001
TKM,Turkmenistan,ECA,National,2018,HeadCount,UPL,5.5,0.3242084,6.11676,0.2612137,5.939234,0.2414248,-0.0629947,-0.0827836
TLS,Timor-Leste,EAP,National,2018,HeadCount,EPL,1.9,0.2182152,2.195249,0.08704095,2.308829,0.1055531,-0.13117425,-0.1126621
TLS,Timor-Leste,EAP,National,2018,HeadCount,LPL,3.2,0.6569539,3.642544,0.42977,3.981504,0.5096107,-0.2271839,-0.1473432
TLS,Timor-Leste,EAP,National,2018,HeadCount,UPL,5.5,0.9181371,6.11676,0.8076184,5.939234,0.793804,-0.1105187,-0.1243331
TON,Tonga,EAP,National,2018,HeadCount,EPL,1.9,0.005839861,2.195249,0.008836982,2.308829,0.01104749,0.002997121,0.005207629
TON,Tonga,EAP,National,2018,HeadCount,LPL,3.2,0.05943722,3.642544,0.06769216,3.981504,0.09049047,0.00825494,0.03105325
TON,Tonga,EAP,National,2018,HeadCount,UPL,5.5,0.2397766,6.11676,0.2447251,5.939234,0.2356994,0.0049485,-0.0040772
TTO,Trinidad and Tobago,LAC,National,2018,HeadCount,EPL,1.9,0.002807658,2.195249,0.001832822,2.308829,0.002009741,-0.000974836,-0.000797917
TTO,Trinidad and Tobago,LAC,National,2018,HeadCount,LPL,3.2,0.01149654,3.642544,0.00578836,3.981504,0.00747044,-0.00570818,-0.0040261
TTO,Trinidad and Tobago,LAC,National,2018,HeadCount,UPL,5.5,0.06057626,6.11676,0.02879356,5.939234,0.02624825,-0.0317827,-0.03432801
TUN,Tunisia,MNA,National,2018,HeadCount,EPL,1.9,0.002154842,2.195249,0.001339692,2.308829,0.001965484,-0.00081515,-0.000189358
TUN,Tunisia,MNA,National,2018,HeadCount,LPL,3.2,0.02838731,3.642544,0.01979733,3.981504,0.02926694,-0.00858998,0.000879630000000003
TUN,Tunisia,MNA,National,2018,HeadCount,UPL,5.5,0.1635297,6.11676,0.1223503,5.939234,0.1120451,-0.0411794,-0.0514846
TUR,Turkey,ECA,National,2018,HeadCount,EPL,1.9,0.0004039695,2.195249,0.001082395,2.308829,0.002128355,0.0006784255,0.0017243855
TUR,Turkey,ECA,National,2018,HeadCount,LPL,3.2,0.01367667,3.642544,0.01514124,3.981504,0.02240645,0.00146457,0.00872978
TUR,Turkey,ECA,National,2018,HeadCount,UPL,5.5,0.08524161,6.11676,0.08896526,5.939234,0.08104982,0.00372365000000001,-0.00419179
TZA,Tanzania,SSA,National,2018,HeadCount,EPL,1.9,0.4927684,2.195249,0.4645722,2.308829,0.4941587,-0.0281962,0.00139030000000001
TZA,Tanzania,SSA,National,2018,HeadCount,LPL,3.2,0.7673709,3.642544,0.7410163,3.981504,0.7778437,-0.0263546,0.0104728000000001
TZA,Tanzania,SSA,National,2018,HeadCount,UPL,5.5,0.917782,6.11676,0.9041131,5.939234,0.8979846,-0.0136689,-0.0197974
UGA,Uganda,SSA,National,2018,HeadCount,EPL,1.9,0.3990696,2.195249,0.4258857,2.308829,0.4573197,0.0268161,0.0582501
UGA,Uganda,SSA,National,2018,HeadCount,LPL,3.2,0.6868569,3.642544,0.6992333,3.981504,0.7373503,0.0123764,0.0504934
UGA,Uganda,SSA,National,2018,HeadCount,UPL,5.5,0.8710295,6.11676,0.8722709,5.939234,0.8668849,0.00124139999999995,-0.00414460000000005
UKR,Ukraine,ECA,National,2018,HeadCount,EPL,1.9,9.935224e-05,2.195249,0.001805357,2.308829,0.001805357,0.00170600476,0.00170600476
UKR,Ukraine,ECA,National,2018,HeadCount,LPL,3.2,0.003577173,3.642544,0.004427037,3.981504,0.006268919,0.000849864,0.002691746
UKR,Ukraine,ECA,National,2018,HeadCount,UPL,5.5,0.03368391,6.11676,0.0541589,5.939234,0.04777255,0.02047499,0.01408864
URY,Uruguay,LAC,National,2018,HeadCount,EPL,1.9,0.0005584995,2.195249,0.0005584995,2.308829,0.0007399121,0,0.0001814126
URY,Uruguay,LAC,National,2018,HeadCount,LPL,3.2,0.003740064,3.642544,0.004279453,3.981504,0.006719965,0.000539389,0.002979901
URY,Uruguay,LAC,National,2018,HeadCount,UPL,5.5,0.02955056,6.11676,0.03307584,5.939234,0.02945415,0.00352528,-9.64100000000016e-05
USA,United States,OHI,National,2018,HeadCount,EPL,1.9,0.009997919,2.195249,0.009997919,2.308829,0.009997919,0,0
USA,United States,OHI,National,2018,HeadCount,LPL,3.2,0.01249538,3.642544,0.01249538,3.981504,0.01249538,0,0
USA,United States,OHI,National,2018,HeadCount,UPL,5.5,0.01749701,6.11676,0.01749701,5.939234,0.01749701,0,0
UZB,Uzbekistan,ECA,National,2018,HeadCount,EPL,1.9,0.1172968,2.195249,0.3330204,2.308829,0.3703911,0.2157236,0.2530943
UZB,Uzbekistan,ECA,National,2018,HeadCount,LPL,3.2,0.4094136,3.642544,0.6932072,3.981504,0.7445377,0.2837936,0.3351241
UZB,Uzbekistan,ECA,National,2018,HeadCount,UPL,5.5,0.7674377,6.11676,0.8959243,5.939234,0.8879883,0.1284866,0.1205506
VNM,Vietnam,EAP,National,2018,HeadCount,EPL,1.9,0.01801464,2.195249,0.01260481,2.308829,0.01629316,-0.00540983,-0.00172148
VNM,Vietnam,EAP,National,2018,HeadCount,LPL,3.2,0.06623895,3.642544,0.05287024,3.981504,0.06566898,-0.01336871,-0.000569970000000003
VNM,Vietnam,EAP,National,2018,HeadCount,UPL,5.5,0.2236116,6.11676,0.1790004,5.939234,0.1690733,-0.0446112,-0.0545383
VUT,Vanuatu,EAP,National,2018,HeadCount,EPL,1.9,0.1454508,2.195249,0.1707712,2.308829,0.1934463,0.0253204,0.0479955
VUT,Vanuatu,EAP,National,2018,HeadCount,LPL,3.2,0.4126639,3.642544,0.4407763,3.981504,0.5005468,0.0281124,0.0878829
VUT,Vanuatu,EAP,National,2018,HeadCount,UPL,5.5,0.7368117,6.11676,0.7476163,5.939234,0.7338945,0.0108046000000001,-0.00291719999999995
WLD,World,Aggregates,Global,2018,HeadCount,EPL,1.9,0.0920410340806863,2.195249,0.0836560784870376,2.308829,0.0932201212352646,-0.00838495559364871,0.00117908715457833
WLD,World,Aggregates,Global,2018,HeadCount,LPL,3.2,0.237913477213353,3.642544,0.226280111165753,3.981504,0.258752364830025,-0.0116333660475996,0.0208388876166722
WLD,World,Aggregates,Global,2018,HeadCount,UPL,5.5,0.428098922062953,6.11676,0.418854803401467,5.939234,0.408136302067371,-0.00924411866148617,-0.0199626199955818
WSM,Samoa,EAP,National,2018,HeadCount,EPL,1.9,0.006039618,2.195249,0.01002675,2.308829,0.01150477,0.003987132,0.005465152
WSM,Samoa,EAP,National,2018,HeadCount,LPL,3.2,0.07626137,3.642544,0.0870107,3.981504,0.1050753,0.01074933,0.02881393
WSM,Samoa,EAP,National,2018,HeadCount,UPL,5.5,0.2886074,6.11676,0.3028087,5.939234,0.2800396,0.0142013,-0.00856780000000001
ZAF,South Africa,SSA,National,2018,HeadCount,EPL,1.9,0.1927855,2.195249,0.2158474,2.308829,0.2304391,0.0230619,0.0376536
ZAF,South Africa,SSA,National,2018,HeadCount,LPL,3.2,0.3804273,3.642544,0.4037675,3.981504,0.4394751,0.0233402,0.0590478
ZAF,South Africa,SSA,National,2018,HeadCount,UPL,5.5,0.5757796,6.11676,0.5877871,5.939234,0.5781491,0.0120075000000001,0.00236950000000002
ZMB,Zambia,SSA,National,2018,HeadCount,EPL,1.9,0.5819554,2.195249,0.6126776,2.308829,0.6266275,0.0307222,0.0446721
ZMB,Zambia,SSA,National,2018,HeadCount,LPL,3.2,0.746302,3.642544,0.7694534,3.981504,0.7916066,0.0231513999999999,0.0453046
ZMB,Zambia,SSA,National,2018,HeadCount,UPL,5.5,0.8751698,6.11676,0.8874021,5.939234,0.8817092,0.0122323,0.00653939999999997
ZWE,Zimbabwe,SSA,National,2018,HeadCount,EPL,1.9,0.3321659,2.195249,0.3464573,2.308829,0.3733124,0.0142914,0.0411465
ZWE,Zimbabwe,SSA,National,2018,HeadCount,LPL,3.2,0.5955482,3.642544,0.600469,3.981504,0.6403523,0.00492080000000006,0.0448041
ZWE,Zimbabwe,SSA,National,2018,HeadCount,UPL,5.5,0.7978116,6.11676,0.7942608,5.939234,0.784803,-0.00355079999999997,-0.0130085999999999
